country,pri_2015,low_2015,upp_2015,col_2015,pri_2025,low_2025,upp_2025,col_2025,pri_1960,low_1960,upp_1960,col_1960,pri_1975,low_1975,pri_1990,low_1990,pri_2005,low_2005,edu_score_2015,edu_score_1960,ladder_score_2015,ladder_score_1960,ladder_score_2025,gain_1960_2015,year_crossed_60pct_primary,gender_gap_primary_2015,gender_gap_lowsec_2015,sequential_gap_2015,peak_decade,peak_decade_gain,archetype,trajectory,world_rank_2015,world_rank_gain,world_rank_speed
Singapore,99.5,99.2,95.5,73.1,99.4,99.0,95.5,72.7,41.9,30.7,19.0,8.7,80.2,66.9,94.2,89.0,99.0,98.1,91.8,25.1,88.8,21.1,88.7,66.7,1970.0,0.1,0.0,0.3,1960–1970,19.7,Universal,Large Gain,1,1,97
Canada,99.5,99.2,89.6,48.0,100.0,100.0,100.0,99.0,95.2,79.7,59.9,25.1,98.2,93.1,98.9,96.1,99.3,98.2,84.1,65.0,78.2,56.8,99.6,19.1,1960.0,0.1,0.3,0.4,2010–2020,13.6,Universal,Moderate Progress,2,156,40
Hong Kong Special Administrative Region of China,99.8,97.7,90.7,41.8,100.0,100.0,100.0,85.9,54.2,32.0,20.6,6.7,80.2,50.2,96.5,84.8,99.2,94.9,82.5,28.4,76.0,22.9,95.0,54.1,1965.0,0.0,0.3,2.1,1980–1990,15.8,Universal,Large Gain,3,13,86
Taiwan Province of China,100.0,99.7,95.7,36.6,100.0,100.0,100.0,75.1,74.3,25.1,15.3,3.3,96.2,62.0,99.8,97.0,99.9,99.1,83.0,29.5,76.0,21.5,91.1,53.5,1960.0,0.0,-0.1,0.3,1970–1980,16.2,Universal,Large Gain,4,15,40
Ireland,99.5,98.8,93.2,37.0,100.0,100.0,100.0,77.0,99.2,45.5,30.4,9.0,99.5,75.2,99.6,93.5,99.5,97.5,82.1,46.0,75.2,35.8,91.8,36.1,1960.0,0.0,0.1,0.7,1970–1980,11.8,Universal,Strong Progress,5,72,40
Armenia,99.7,99.1,95.2,31.0,99.6,99.1,95.7,31.4,98.4,87.8,73.0,12.1,99.8,98.7,99.8,99.2,99.7,99.1,81.2,67.8,73.7,58.1,74.0,13.4,1960.0,0.0,0.2,0.5,1960–1970,9.3,Universal,Early Achiever,6,172,40
Japan,99.9,99.9,91.6,32.8,99.9,99.8,92.0,33.6,99.8,89.9,57.5,6.4,99.9,99.9,99.9,99.9,99.9,99.9,81.1,63.4,73.6,52.2,73.9,17.7,1960.0,0.0,0.0,0.0,1960–1970,7.8,Universal,Moderate Progress,7,158,40
Australia,99.9,99.1,97.6,28.4,100.0,100.0,100.0,60.1,97.4,76.3,65.4,8.0,99.0,93.0,99.4,97.6,99.7,98.8,81.3,61.8,73.5,51.8,85.7,19.5,1960.0,0.0,0.2,0.7,1960–1970,8.1,Universal,Moderate Progress,8,152,40
Australia and New Zealand,99.8,98.7,96.4,29.6,99.7,98.8,96.4,31.4,97.5,74.9,60.7,8.4,98.9,91.7,99.2,96.8,99.6,98.2,81.1,60.4,73.5,50.3,74.2,20.8,1960.0,0.0,0.2,1.1,1960–1970,8.4,Universal,Moderate Progress,9,143,40
Bahamas,99.5,99.0,96.1,29.7,99.6,99.3,96.7,30.5,77.8,53.0,36.6,11.0,92.0,83.1,97.9,95.4,99.0,97.8,81.1,44.6,73.5,36.8,74.0,36.5,1960.0,0.1,0.1,0.5,1960–1970,15.1,Universal,Strong Progress,10,69,40
New Zealand,99.5,96.5,90.4,35.4,100.0,100.0,100.0,75.5,98.3,68.8,40.1,9.8,98.3,85.5,98.3,93.0,99.0,95.5,80.5,54.2,73.4,43.7,91.3,26.2,1960.0,0.1,0.5,3.0,2010–2020,10.1,Universal,Strong Progress,11,118,40
Georgia,99.5,98.6,93.8,30.8,100.0,100.0,100.0,61.7,97.3,90.6,78.8,17.4,99.3,98.1,99.5,98.8,99.5,98.6,80.6,71.0,73.1,62.1,86.3,9.6,1960.0,0.0,0.0,0.9,1960–1970,6.8,Universal,Early Achiever,12,182,40
Cyprus,99.7,97.4,93.0,31.5,99.7,97.9,94.6,33.1,79.4,36.2,28.5,4.8,97.9,68.7,99.2,91.8,99.5,95.7,80.4,37.2,72.9,29.0,74.1,43.2,1960.0,0.0,0.7,2.3,1960–1970,15.5,Universal,Large Gain,13,41,40
Chile,98.2,96.6,85.6,37.6,100.0,100.0,100.0,49.6,58.9,31.3,17.6,3.3,81.5,61.2,93.0,84.5,97.2,94.3,79.5,27.8,72.6,21.3,82.0,51.7,1965.0,0.3,0.6,1.6,1970–1980,14.4,Universal,Large Gain,14,18,86
Republic of Korea,99.9,99.9,95.4,26.8,100.0,100.0,100.0,55.9,77.6,41.0,25.4,2.1,97.2,77.1,99.6,98.2,99.9,99.7,80.5,36.5,72.5,27.9,84.2,43.9,1960.0,0.0,0.0,0.1,1960–1970,14.2,Universal,Large Gain,15,36,40
Malaysia,97.6,96.3,89.2,33.8,98.0,96.9,92.2,35.9,31.2,16.4,11.1,2.3,74.4,50.5,89.1,80.4,94.5,90.8,79.2,15.3,72.1,12.0,73.9,63.9,1975.0,0.2,0.3,1.4,1970–1980,18.6,Universal,Large Gain,16,2,106
France,99.6,95.2,87.4,34.5,100.0,100.0,100.0,71.8,96.3,48.0,36.7,5.9,97.8,72.7,98.7,88.6,99.2,93.7,79.2,46.7,71.9,36.6,89.9,32.5,1960.0,0.1,0.8,4.3,2010–2020,12.6,Universal,Strong Progress,17,86,40
Hungary,99.7,99.4,86.3,31.1,100.0,100.0,100.0,65.2,99.1,88.6,22.4,5.7,99.5,97.8,99.5,98.3,99.6,99.0,79.1,53.9,71.3,41.6,87.6,25.2,1960.0,0.1,0.2,0.3,1960–1970,13.7,Universal,Strong Progress,18,126,40
New Caledonia,99.0,98.4,85.4,32.7,98.6,97.8,88.6,34.1,62.6,35.8,21.2,7.7,84.3,59.1,94.5,84.9,98.2,96.5,78.9,31.8,71.3,25.4,72.5,47.0,1960.0,0.1,0.2,0.5,1960–1970,11.9,Universal,Large Gain,19,27,40
Kazakhstan,99.4,99.0,94.0,23.4,99.4,99.0,95.0,23.7,91.6,75.7,51.5,8.1,99.0,97.6,99.5,99.1,99.6,99.0,79.0,56.7,70.6,46.9,71.0,22.2,1960.0,0.1,0.2,0.4,1960–1970,14.5,Universal,Strong Progress,20,135,40
Trinidad and Tobago,99.0,97.5,77.6,37.6,99.7,98.8,85.9,41.2,68.5,28.7,15.4,9.8,84.3,49.5,94.3,75.8,98.3,92.3,77.9,30.6,70.6,23.8,74.7,47.3,1960.0,0.2,0.6,1.5,1980–1990,12.1,Universal,Large Gain,21,24,40
Democratic People's Republic of Korea,100.0,100.0,100.0,17.2,100.0,100.0,99.9,18.0,98.1,76.7,76.6,8.2,100.0,99.9,100.0,100.0,100.0,100.0,79.3,64.9,70.4,55.3,70.7,14.4,1960.0,0.0,0.0,0.0,1960–1970,12.3,Universal,Moderate Progress,22,169,40
Sweden,100.0,99.3,85.9,28.1,100.0,100.0,100.0,60.5,100.0,65.0,49.3,9.7,100.0,94.2,100.0,97.6,100.0,98.2,78.3,56.0,70.2,45.8,85.9,22.3,1960.0,0.0,0.1,0.7,1960–1970,9.7,Universal,Strong Progress,23,134,40
Austria,100.0,98.2,83.4,30.6,100.0,100.0,100.0,66.2,100.0,72.4,52.8,8.0,100.0,92.8,100.0,98.7,100.0,98.2,78.0,58.3,70.1,47.7,87.9,19.8,1960.0,0.0,1.1,1.8,2010–2020,11.0,Universal,Moderate Progress,24,150,40
Lithuania,98.3,98.0,88.5,26.1,100.0,100.0,100.0,54.0,95.0,70.2,45.1,12.8,99.6,98.9,99.6,99.4,99.1,98.6,77.7,55.8,69.7,46.1,83.6,22.0,1960.0,0.5,0.0,0.4,1960–1970,17.9,Universal,Moderate Progress,25,136,40
Malta,100.0,99.9,75.5,33.8,99.8,99.5,84.7,37.7,94.2,36.4,13.0,5.7,99.9,52.7,100.0,99.7,100.0,99.8,77.3,37.3,69.3,27.0,73.2,40.0,1960.0,0.0,-0.1,0.1,1970–1980,11.5,Universal,Strong Progress,26,51,40
Russian Federation,99.5,98.5,91.1,21.9,100.0,100.0,100.0,45.6,99.2,72.9,45.5,6.2,99.7,97.7,99.7,98.9,99.6,98.6,77.8,56.0,69.2,45.0,80.6,21.8,1960.0,0.0,0.4,1.0,1960–1970,14.3,Universal,Moderate Progress,27,137,40
United Kingdom of Great Britain and Northern Ireland,100.0,100.0,80.9,28.3,100.0,100.0,100.0,61.3,99.9,99.3,35.6,9.2,100.0,99.6,100.0,99.6,100.0,99.9,77.3,61.0,68.9,49.0,86.2,16.2,1960.0,0.0,0.0,0.0,2010–2020,11.8,Universal,Moderate Progress,28,163,40
Greece,98.3,93.2,87.5,27.2,100.0,100.0,100.0,57.2,76.9,29.5,22.2,4.5,97.0,58.5,98.3,84.4,98.0,90.7,76.5,33.3,68.7,25.2,84.7,43.3,1960.0,0.1,1.2,5.1,1960–1970,13.0,Universal,Large Gain,29,40,40
Belarus,99.9,99.9,96.2,14.6,99.9,99.7,95.8,15.2,98.5,74.2,50.2,5.2,99.8,99.0,99.8,99.5,99.7,99.4,77.7,57.0,68.4,46.1,68.5,20.7,1960.0,-0.0,-0.0,0.0,1960–1970,15.1,Universal,Moderate Progress,30,144,40
Slovakia,100.0,100.0,91.8,17.8,100.0,100.0,100.0,36.8,100.0,99.8,53.5,4.2,100.0,99.9,100.0,99.9,100.0,99.9,77.4,64.4,68.3,52.4,77.4,13.0,1960.0,0.0,0.0,0.0,1960–1970,6.4,Universal,Moderate Progress,31,175,40
United States of America,99.7,98.0,88.2,22.1,100.0,100.0,100.0,46.3,95.0,89.2,74.9,10.3,97.4,94.6,98.0,95.1,99.0,96.5,77.0,67.4,68.3,57.8,80.8,9.6,1960.0,0.1,0.5,1.7,2010–2020,10.4,Universal,Early Achiever,32,183,40
Poland,100.0,99.1,90.3,19.2,100.0,100.0,100.0,39.4,100.0,96.9,44.3,3.6,100.0,99.6,100.0,99.7,100.0,99.5,77.1,61.2,68.2,49.0,78.4,15.9,1960.0,-0.0,0.2,0.9,1960–1970,6.8,Universal,Moderate Progress,33,165,40
Bosnia and Herzegovina,99.1,98.8,93.7,14.4,100.0,100.0,100.0,29.9,75.4,46.5,29.3,4.0,95.8,79.5,99.1,96.8,99.2,98.2,76.5,38.8,67.2,30.5,75.0,37.7,1960.0,0.0,-0.2,0.3,1960–1970,14.8,Universal,Strong Progress,34,64,40
French Polynesia,99.3,96.2,81.0,25.8,99.5,97.1,86.4,27.8,63.0,31.6,16.8,5.7,86.0,59.8,93.5,77.1,98.2,92.2,75.6,29.3,67.2,22.6,69.6,46.3,1960.0,0.2,1.6,3.1,1960–1970,15.3,Universal,Large Gain,35,28,40
Luxembourg,100.0,98.2,85.0,20.6,100.0,100.0,100.0,44.8,100.0,60.3,40.7,5.4,100.0,74.9,100.0,82.8,100.0,94.5,75.9,51.6,67.0,40.8,80.3,24.3,1960.0,0.0,0.3,1.8,2010–2020,9.0,Universal,Strong Progress,36,130,40
Belgium,100.0,96.3,81.7,23.5,100.0,100.0,100.0,50.9,90.7,57.5,27.5,6.2,96.4,82.3,98.3,92.0,99.9,95.3,75.4,45.5,66.7,35.4,82.5,29.9,1960.0,0.0,-0.3,3.7,2010–2020,10.8,Universal,Strong Progress,37,100,40
Macao Special Administrative Region of China,99.0,93.4,80.3,26.7,98.3,93.5,84.5,29.1,50.3,16.6,7.8,0.9,80.1,46.4,93.9,77.0,98.4,90.8,74.9,18.9,66.7,13.3,68.6,56.0,1965.0,-0.4,-2.2,5.6,1960–1970,13.0,Universal,Large Gain,38,9,86
Mongolia,96.6,90.6,81.5,28.3,97.2,92.2,86.3,30.4,86.0,46.7,33.6,8.3,96.2,78.9,97.5,93.1,96.3,88.0,74.3,43.6,66.6,34.8,69.1,30.6,1960.0,1.1,2.8,6.0,1960–1970,15.7,Universal,Strong Progress,39,95,40
Azerbaijan,99.9,99.4,93.2,12.3,99.9,99.5,94.9,12.9,94.6,80.4,60.4,4.5,99.3,97.4,99.8,99.3,99.9,99.3,76.2,60.0,66.6,49.6,67.3,16.2,1960.0,-0.0,-0.1,0.5,1960–1970,10.1,Universal,Moderate Progress,40,164,40
Puerto Rico,99.2,96.7,85.5,20.3,100.0,100.0,100.0,40.4,74.3,56.5,40.0,5.1,90.3,80.5,95.1,90.5,98.0,94.3,75.4,44.0,66.6,36.0,78.7,31.4,1960.0,0.2,0.5,2.5,1960–1970,12.4,Universal,Strong Progress,41,91,40
Croatia,99.5,99.5,94.9,10.9,100.0,100.0,100.0,23.2,92.1,65.8,39.2,2.8,98.9,92.9,99.5,98.8,99.5,99.3,76.2,50.0,66.5,39.4,72.6,26.2,1960.0,0.0,0.0,0.0,1960–1970,14.1,Universal,Strong Progress,42,117,40
Ukraine,99.9,99.9,89.9,13.7,99.9,99.8,89.8,14.2,97.2,72.2,48.9,6.1,99.7,99.0,99.7,99.6,99.6,99.5,75.9,56.1,66.3,45.5,66.4,19.8,1960.0,0.0,0.0,0.0,1960–1970,14.2,Universal,Moderate Progress,43,149,40
Czech Republic,99.7,99.5,90.0,13.9,100.0,100.0,100.0,29.3,99.4,98.9,62.3,3.7,99.4,99.0,99.5,99.3,99.5,99.4,75.8,66.1,66.2,54.5,74.8,9.7,1960.0,0.0,0.2,0.1,2010–2020,4.9,Universal,Early Achiever,44,181,40
Estonia,99.8,98.3,80.1,22.0,100.0,100.0,100.0,46.2,99.5,88.5,45.3,9.8,99.8,98.4,99.8,99.3,99.7,98.2,75.1,60.8,66.1,49.6,80.8,14.3,1960.0,0.0,0.4,1.5,1960–1970,7.8,Universal,Moderate Progress,45,171,40
Slovenia,99.9,99.7,89.6,13.3,100.0,100.0,100.0,28.7,99.6,83.5,37.5,2.0,99.7,95.4,99.8,98.8,99.8,99.5,75.6,55.7,66.0,43.6,74.5,19.9,1960.0,0.0,-0.1,0.2,1960–1970,7.0,Universal,Moderate Progress,46,148,40
Tajikistan,96.9,95.8,79.6,24.3,100.0,99.3,86.8,26.9,93.1,70.6,39.2,14.9,98.7,94.3,99.2,96.3,98.6,96.4,74.1,54.4,65.8,44.9,70.0,19.7,1960.0,0.1,0.4,1.1,1960–1970,14.7,Universal,Moderate Progress,47,151,40
Montenegro,97.3,96.3,90.7,13.6,100.0,100.0,100.0,29.6,94.2,63.6,42.0,4.8,98.8,92.0,99.2,97.8,98.8,97.5,74.5,51.1,65.3,40.8,74.9,23.4,1960.0,0.0,0.0,1.0,1960–1970,12.5,Universal,Strong Progress,48,133,40
Peru,95.3,87.0,81.0,26.6,100.0,100.0,100.0,36.9,48.0,25.5,22.2,4.8,70.3,49.6,79.0,66.1,90.3,78.0,72.5,25.1,64.9,20.4,77.5,47.4,1970.0,-0.7,-1.5,8.3,2010–2020,17.1,Universal,Large Gain,49,23,97
Turkmenistan,100.0,99.9,95.5,5.1,100.0,99.9,96.1,5.2,95.2,82.2,52.3,3.6,99.2,97.0,99.7,99.2,99.8,99.7,75.1,58.3,64.8,47.5,65.0,16.8,1960.0,0.0,0.0,0.0,1960–1970,10.7,Universal,Moderate Progress,50,161,40
Romania,98.9,97.7,79.5,19.6,100.0,100.0,100.0,42.2,95.8,59.2,23.5,4.2,99.0,92.7,99.1,97.0,98.6,95.8,73.9,45.7,64.8,34.6,79.4,28.2,1960.0,0.0,0.2,1.2,1960–1970,14.3,Universal,Strong Progress,51,110,40
Latvia,99.0,97.7,81.1,17.9,100.0,100.0,100.0,38.2,99.1,93.5,56.1,6.0,99.8,99.3,99.7,99.3,99.4,98.3,73.9,63.7,64.7,52.4,77.9,10.2,1960.0,0.1,0.1,1.2,2010–2020,8.2,Universal,Moderate Progress,52,179,40
Switzerland,99.2,97.8,85.9,13.9,100.0,100.0,100.0,32.5,97.0,84.4,59.1,3.7,98.0,90.8,98.5,93.5,99.0,96.2,74.2,61.0,64.6,50.1,75.9,13.2,1960.0,-0.0,-0.0,1.4,2000–2010,9.3,Universal,Moderate Progress,53,174,40
Norway,99.9,99.9,71.6,22.9,100.0,100.0,100.0,50.6,99.6,99.3,55.0,7.8,99.5,99.2,99.7,99.2,99.8,99.5,73.6,65.4,64.3,54.0,82.4,8.2,1960.0,0.0,0.0,0.1,2000–2010,8.0,Universal,Early Achiever,54,186,40
Sri Lanka,95.8,90.7,68.1,32.7,97.8,94.2,75.8,36.6,52.3,35.1,19.8,4.8,70.7,54.4,79.9,67.8,91.9,84.5,71.8,28.0,64.2,22.4,68.9,43.8,1970.0,0.5,2.6,5.0,1990–2000,10.9,Secondary Building,Large Gain,55,37,97
Serbia,97.9,97.8,90.3,9.8,99.3,99.2,94.0,10.9,86.9,54.2,35.4,3.4,97.7,89.1,98.8,97.5,98.5,98.1,74.0,44.9,64.2,35.3,66.2,29.0,1960.0,0.2,0.2,0.0,1960–1970,15.6,Universal,Strong Progress,56,107,40
Kyrgyzstan,99.1,98.4,90.6,8.1,99.5,98.8,93.7,8.5,88.3,73.9,45.7,4.6,99.3,98.0,99.7,99.1,99.7,98.9,74.1,53.1,64.0,43.2,65.2,20.9,1960.0,0.1,0.2,0.8,1960–1970,16.0,Universal,Moderate Progress,57,141,40
Lebanon,97.6,85.0,67.0,35.1,97.8,88.0,75.8,39.3,39.9,18.9,6.7,2.4,73.6,44.9,91.3,66.6,97.5,81.6,71.2,17.0,63.8,12.5,68.5,54.2,1970.0,0.4,3.2,12.6,1960–1970,13.0,Secondary Building,Large Gain,58,12,97
Occupied Palestinian Territory,97.7,90.8,65.0,32.9,100.0,100.0,94.2,50.4,32.4,19.7,11.3,4.0,72.9,52.8,87.7,68.0,95.3,84.0,71.6,16.9,63.7,13.5,80.6,54.8,1970.0,1.0,4.4,6.9,2010–2020,18.7,Secondary Building,Large Gain,59,11,97
Germany,100.0,98.9,77.7,16.9,100.0,100.0,98.7,36.8,100.0,96.7,60.3,5.6,100.0,96.9,100.0,96.7,100.0,97.6,73.4,65.6,63.7,54.2,77.0,7.7,1960.0,0.0,0.2,1.1,2000–2010,9.9,Universal,Early Achiever,60,187,40
Netherlands,99.6,95.1,77.0,19.2,100.0,100.0,100.0,44.6,97.0,76.9,35.8,3.8,98.3,85.9,98.5,92.7,98.8,95.3,72.7,53.4,63.5,41.9,80.2,19.4,1960.0,0.0,0.9,4.5,2010–2020,13.3,Universal,Moderate Progress,61,153,40
China,97.9,94.6,55.8,36.4,100.0,100.0,100.0,84.8,59.8,23.8,7.6,2.5,79.6,47.1,92.6,75.1,95.9,89.8,71.2,23.4,63.2,16.7,94.6,47.7,1965.0,-0.2,-0.2,3.3,2010–2020,27.1,Secondary Building,Large Gain,62,20,86
Cuba,99.0,96.8,78.2,16.6,99.4,97.6,84.8,18.3,70.9,40.3,18.2,3.1,90.8,74.3,97.2,89.6,98.4,93.9,72.7,33.1,63.2,25.1,65.9,39.5,1960.0,0.1,0.8,2.1,1960–1970,14.9,Universal,Strong Progress,63,54,40
Fiji,99.2,88.2,67.9,30.0,99.3,90.6,76.2,33.4,56.5,18.8,7.6,4.7,85.8,41.0,96.1,69.8,98.0,84.2,71.3,21.9,63.2,16.0,67.3,49.4,1965.0,0.2,2.8,11.0,1970–1980,11.4,Secondary Building,Large Gain,64,19,86
Venezuela (Bolivarian Republic of),93.1,87.3,66.5,32.0,94.3,91.1,74.9,36.0,55.9,27.6,19.0,7.1,77.3,51.4,87.0,69.6,91.2,81.3,69.7,27.4,62.4,21.9,67.3,42.3,1965.0,1.9,3.6,5.7,1960–1970,11.6,Secondary Building,Large Gain,65,45,86
Italy,99.6,99.5,81.5,9.6,100.0,100.0,98.4,21.4,90.4,41.6,18.2,1.5,97.4,75.5,98.7,94.0,99.3,98.5,72.6,37.9,62.3,27.6,71.5,34.6,1960.0,0.0,0.0,0.1,1970–1980,11.5,Universal,Strong Progress,66,81,40
Spain,97.7,89.2,67.4,27.8,100.0,100.0,100.0,61.9,64.3,35.8,14.1,4.7,90.1,71.7,97.3,87.3,97.7,90.7,70.5,29.7,62.2,22.6,86.4,40.8,1960.0,0.1,1.0,8.5,2010–2020,19.8,Secondary Building,Large Gain,67,47,40
Bulgaria,97.0,93.2,82.9,12.4,100.0,100.0,100.0,26.7,96.2,84.4,39.4,4.5,98.5,95.3,98.5,96.1,97.7,93.9,71.4,56.1,61.9,44.7,73.8,15.3,1960.0,-0.3,-0.6,3.9,1960–1970,9.0,Universal,Moderate Progress,68,168,40
The former Yugoslav Republic of Macedonia,97.5,96.0,86.1,6.9,98.2,97.2,90.6,7.6,54.4,34.6,25.4,2.3,86.5,72.8,93.8,89.4,96.6,94.3,71.6,29.2,61.6,23.3,63.5,42.5,1965.0,-1.2,-1.2,1.5,1960–1970,19.6,Universal,Large Gain,69,44,86
Albania,96.9,96.3,65.9,23.2,99.5,99.1,79.0,27.4,89.3,46.6,19.3,4.5,97.8,88.6,98.0,96.3,97.0,95.6,70.5,39.9,61.6,29.9,67.8,30.6,1960.0,-0.2,-0.2,0.6,1960–1970,14.4,Secondary Building,Strong Progress,70,96,40
Finland,100.0,99.5,84.9,4.4,100.0,100.0,92.5,10.1,99.9,48.9,39.3,1.4,100.0,78.7,100.0,99.7,100.0,99.8,72.2,47.4,61.4,36.5,65.8,24.8,1960.0,0.0,0.5,0.5,1970–1980,11.2,Universal,Strong Progress,71,129,40
Republic of Moldova,99.8,97.9,72.5,12.7,99.8,98.1,78.8,13.9,93.6,57.0,26.2,6.4,99.3,95.5,99.4,97.7,99.3,97.0,70.7,45.8,60.5,35.4,62.7,24.9,1960.0,0.0,0.2,2.0,1960–1970,17.0,Universal,Strong Progress,72,127,40
Thailand,97.3,89.5,66.8,22.9,98.2,94.8,75.4,26.1,82.5,10.3,5.4,1.7,95.2,23.8,97.0,44.9,95.1,77.6,69.1,25.0,60.4,16.1,65.2,44.2,1960.0,0.2,2.6,7.8,1990–2000,10.2,Secondary Building,Large Gain,73,35,40
Martinique,99.3,91.1,74.6,14.7,99.4,93.0,78.4,15.5,75.2,36.0,19.1,3.8,89.3,60.4,95.7,79.2,98.5,90.7,69.9,33.6,60.3,25.3,62.1,36.4,1960.0,0.2,2.2,8.2,1960–1970,10.5,Universal,Strong Progress,74,70,40
Polynesia,99.4,95.7,63.1,20.5,99.5,96.8,69.8,22.6,83.6,27.6,10.1,4.5,92.9,50.5,96.3,74.0,98.5,88.4,69.7,31.5,60.1,22.4,63.0,38.2,1960.0,0.1,1.5,3.7,1960–1970,9.2,Secondary Building,Strong Progress,75,61,40
Saint Lucia,95.8,83.1,72.3,21.5,100.0,100.0,100.0,46.9,69.1,12.7,8.2,3.1,89.9,30.3,95.9,47.3,97.0,75.2,68.2,23.3,59.8,16.0,81.0,44.9,1960.0,0.5,5.2,12.8,2010–2020,21.0,Secondary Building,Large Gain,76,33,40
Israel,96.5,90.2,75.4,12.9,100.0,100.0,94.5,28.7,81.8,61.1,42.6,7.7,93.0,76.3,95.1,83.3,96.2,89.6,68.7,48.3,59.2,39.7,73.0,20.4,1960.0,0.2,3.0,6.4,2010–2020,12.7,Universal,Moderate Progress,77,147,40
Portugal,96.8,90.8,66.2,18.6,100.0,100.0,96.2,41.6,16.7,12.7,6.7,1.8,40.7,32.1,78.4,55.3,94.2,82.7,68.1,9.5,58.8,7.7,78.1,58.6,1985.0,0.6,2.4,6.0,2010–2020,15.4,Secondary Building,Large Gain,78,5,125
Guadeloupe,98.2,88.0,71.9,14.7,98.2,90.1,76.1,15.6,74.0,35.7,19.5,4.0,87.9,57.2,94.8,77.2,97.7,86.4,68.2,33.3,58.7,25.2,60.6,34.9,1960.0,0.6,3.8,10.2,1970–1980,9.3,Universal,Strong Progress,79,78,40
Egypt,80.0,76.8,73.0,27.6,100.0,100.0,100.0,51.7,16.8,13.7,11.4,4.0,31.5,28.1,51.5,48.3,70.3,67.3,64.4,11.5,58.6,10.0,82.8,52.9,2000.0,-2.5,-2.3,3.2,2010–2020,28.2,Secondary Transition,Large Gain,80,16,148
Bahrain,96.3,87.3,71.5,15.2,100.0,100.0,95.0,34.7,37.0,27.5,21.4,4.1,60.8,49.6,62.7,51.8,86.1,72.4,67.6,22.5,58.3,18.8,75.3,45.0,1975.0,0.7,5.8,9.0,2010–2020,29.8,Universal,Large Gain,81,32,106
United Arab Emirates,95.1,87.8,70.6,15.8,94.4,88.3,75.2,18.7,35.5,29.4,23.3,7.0,71.4,61.6,76.0,64.3,81.7,70.8,67.3,23.8,58.2,20.5,60.6,43.5,1970.0,0.4,2.0,7.4,1960–1970,23.8,Universal,Large Gain,82,39,97
Denmark,100.0,100.0,68.2,7.1,100.0,100.0,80.9,16.4,99.9,99.8,39.8,2.2,99.8,99.4,99.8,99.1,100.0,99.8,68.8,60.4,57.7,47.8,64.7,8.4,1960.0,0.0,0.0,0.0,1960–1970,3.9,Secondary Building,Minimal Progress,83,185,40
Philippines,88.9,75.3,71.0,23.9,90.9,80.2,76.8,26.4,57.6,26.6,24.3,6.3,76.8,47.3,84.8,62.5,88.5,72.4,64.8,28.7,57.6,23.1,61.5,36.1,1965.0,3.5,5.9,13.6,1960–1970,10.9,Secondary Building,Strong Progress,84,74,86
Saudi Arabia,94.7,88.0,72.4,12.2,100.0,100.0,94.5,28.5,20.3,13.9,7.9,1.5,50.8,37.1,72.2,57.6,86.9,74.7,66.8,10.9,57.4,8.7,72.9,55.9,1985.0,-1.8,-2.1,6.7,2010–2020,18.2,Universal,Large Gain,85,10,125
Reunion,98.8,88.9,67.2,13.3,98.7,92.4,73.2,14.4,61.7,24.3,13.9,3.7,82.1,42.1,92.1,64.3,97.9,85.9,67.0,25.9,57.1,19.3,60.0,41.2,1960.0,0.2,2.7,9.9,1990–2000,9.1,Secondary Building,Large Gain,86,46,40
Turkey,93.3,92.8,58.8,18.9,96.5,96.2,67.5,22.3,55.0,11.1,5.9,1.6,81.3,29.4,94.7,59.1,95.2,74.2,65.9,18.4,56.8,12.5,61.7,47.6,1965.0,-2.6,-2.6,0.5,2000–2010,11.2,Secondary Building,Large Gain,87,21,86
Colombia,91.1,78.4,67.8,21.2,100.0,100.0,100.0,48.0,41.2,14.3,10.5,3.8,62.9,31.8,77.8,45.8,87.9,65.2,64.6,17.5,56.8,13.3,81.4,47.2,1975.0,1.9,1.9,12.7,2010–2020,24.8,Secondary Building,Large Gain,88,26,106
Jamaica,99.3,95.3,45.7,24.7,99.4,96.2,56.0,29.4,69.2,30.2,9.1,6.9,86.6,57.5,96.8,84.8,99.0,93.1,66.3,28.9,56.5,21.4,61.3,37.4,1960.0,0.3,2.0,4.1,1970–1980,11.6,Secondary Building,Strong Progress,89,65,40
Oman,96.3,82.5,72.0,12.1,97.2,88.0,80.0,14.7,7.9,6.1,4.8,0.9,28.7,22.6,59.3,45.0,90.5,72.3,65.7,4.9,56.3,4.1,60.8,60.8,1995.0,-0.4,6.3,13.8,1990–2000,18.0,Secondary Building,Large Gain,90,3,143
Bolivia (Plurinational State of),95.5,84.4,62.6,18.4,100.0,100.0,95.2,43.4,33.0,21.7,13.2,4.0,50.5,35.4,69.8,49.8,87.7,72.4,65.2,18.0,56.2,14.6,78.4,47.2,1985.0,-0.6,-0.8,11.1,2010–2020,19.2,Secondary Building,Large Gain,91,25,125
Iceland,100.0,100.0,60.8,7.5,100.0,100.0,75.7,17.5,100.0,99.9,37.2,2.8,100.0,100.0,100.0,99.9,100.0,100.0,67.1,60.0,55.8,47.4,63.6,7.1,1960.0,-0.0,-0.0,0.0,2010–2020,3.4,Secondary Building,Minimal Progress,92,188,40
Algeria,88.9,82.0,54.0,28.0,90.8,85.6,62.7,33.4,12.0,6.2,1.9,0.8,43.3,27.6,71.3,54.7,86.2,77.1,63.2,5.2,55.7,3.9,61.2,58.0,1985.0,-2.7,-2.9,6.9,1980–1990,13.6,Secondary Building,Large Gain,93,7,125
Guyana,96.6,91.0,62.6,11.3,97.3,93.6,69.5,12.5,72.0,41.6,16.6,4.4,87.7,65.5,93.5,74.5,96.6,87.2,65.4,33.7,55.2,25.5,58.3,31.7,1960.0,-1.3,-0.8,5.6,1960–1970,10.9,Secondary Building,Strong Progress,94,88,40
Botswana,93.2,86.1,57.0,19.1,100.0,100.0,92.2,46.5,11.3,4.9,3.5,1.4,38.3,16.6,74.4,41.9,90.3,69.6,63.9,5.3,54.9,4.2,78.7,58.6,1985.0,1.8,2.1,7.1,2010–2020,19.9,Secondary Building,Large Gain,95,6,125
Tunisia,97.7,93.7,50.7,17.0,99.0,98.0,63.1,21.1,11.4,4.0,1.1,0.3,55.1,24.6,76.4,38.1,93.7,73.0,64.8,4.2,54.6,2.9,60.7,60.6,1980.0,-0.6,-0.4,4.0,2000–2010,17.6,Secondary Building,Large Gain,96,4,115
Samoa,99.5,95.3,47.6,15.8,99.4,96.4,56.1,18.1,94.6,16.9,6.1,4.1,96.9,38.6,98.3,64.1,98.4,80.6,64.6,30.4,53.9,20.3,57.3,34.2,1960.0,0.0,1.2,4.2,2000–2010,10.2,Secondary Building,Strong Progress,97,82,40
Iran (Islamic Republic of),93.8,82.5,55.5,19.3,95.1,89.3,65.9,23.2,19.3,9.4,5.3,2.0,47.7,29.4,73.4,48.8,89.8,72.3,62.8,9.0,53.8,7.0,59.9,53.8,1985.0,-0.7,-0.1,11.2,1990–2000,11.4,Secondary Building,Large Gain,98,14,125
Tonga,99.5,95.3,46.0,15.5,99.5,97.0,57.9,19.2,93.8,39.0,7.3,3.6,96.7,56.4,98.5,83.7,99.1,91.3,64.1,35.9,53.3,25.1,58.4,28.2,1960.0,0.1,1.9,4.2,1980–1990,6.5,Secondary Building,Strong Progress,99,111,40
Saint Vincent and the Grenadines,99.3,73.1,57.0,18.4,99.2,80.2,66.2,20.9,81.0,12.4,9.5,5.8,93.4,27.1,95.4,41.2,97.6,61.6,62.0,27.2,52.7,19.0,57.7,34.8,1960.0,0.2,9.5,26.2,2000–2010,8.7,Secondary Building,Strong Progress,100,79,40
Panama,93.4,76.9,59.2,16.4,100.0,100.0,86.1,37.7,55.0,25.4,16.0,3.1,78.0,47.4,88.7,61.3,91.4,70.3,61.5,24.9,52.6,19.0,73.8,36.6,1965.0,0.3,4.0,16.5,2010–2020,19.7,Secondary Building,Strong Progress,101,68,86
Mauritius,95.7,80.5,66.7,6.6,98.0,88.8,77.6,7.8,38.6,16.7,10.0,0.5,59.3,30.8,73.5,48.0,86.4,65.3,62.4,16.4,52.3,12.1,58.0,46.0,1980.0,1.1,3.8,15.2,2000–2010,12.7,Secondary Building,Large Gain,102,29,115
Argentina,89.8,73.0,55.8,21.6,100.0,100.0,89.6,50.8,68.2,24.5,17.3,5.1,80.4,40.8,89.2,55.0,91.3,66.2,60.0,28.8,52.1,21.8,79.5,31.3,1960.0,1.9,5.5,16.8,2010–2020,23.8,Secondary Building,Strong Progress,103,92,40
Mexico,96.3,86.1,54.2,11.3,100.0,100.0,77.5,27.1,33.9,14.5,8.2,1.7,62.4,36.0,84.4,63.8,92.2,77.4,62.0,14.6,51.7,10.9,67.5,47.4,1975.0,0.4,1.3,10.2,2010–2020,14.9,Secondary Building,Large Gain,104,22,106
Jordan,88.4,76.5,58.8,16.2,100.0,100.0,86.8,38.6,33.6,21.3,17.5,5.5,75.1,54.8,79.2,63.6,82.0,66.2,60.0,19.5,51.6,16.3,74.3,40.5,1965.0,0.0,0.0,11.9,1960–1970,26.0,Secondary Building,Large Gain,105,49,86
Ecuador,89.5,72.1,53.5,22.0,92.1,80.0,60.4,24.6,38.7,15.0,8.8,3.6,61.7,33.7,79.5,52.3,85.9,62.3,59.3,16.5,51.4,12.6,56.4,42.7,1975.0,0.5,2.9,17.4,1970–1980,12.3,Secondary Building,Large Gain,106,42,106
Dominican Republic,85.5,78.4,52.8,18.4,91.0,86.0,63.7,21.9,25.0,17.4,7.2,2.2,47.5,36.3,69.2,56.1,79.2,69.4,58.8,12.9,50.7,10.1,57.4,45.8,1985.0,4.1,5.7,7.1,1970–1980,12.1,Secondary Building,Large Gain,107,30,125
Costa Rica,93.7,67.9,53.7,18.9,96.2,77.5,64.0,22.4,48.6,21.4,16.2,6.3,75.8,37.9,86.0,43.5,89.3,56.7,58.5,23.1,50.0,18.4,56.6,35.4,1970.0,0.7,4.8,25.8,1960–1970,9.8,Secondary Building,Strong Progress,108,76,97
Melanesia,85.3,72.3,52.7,19.2,72.6,64.1,44.1,9.7,47.2,16.9,7.8,4.0,74.8,36.6,85.6,58.5,88.1,70.2,57.4,19.0,49.6,14.0,40.2,38.4,1970.0,1.0,1.3,13.0,1970–1980,10.2,Secondary Building,Strong Progress,109,60,97
Micronesia (Federated States of),94.5,81.2,52.1,10.2,95.7,84.5,61.4,12.1,47.6,27.2,10.7,3.3,88.2,75.1,91.7,81.4,92.8,82.8,59.5,22.2,49.4,16.9,53.6,37.3,1965.0,1.3,2.3,13.3,1960–1970,24.1,Secondary Building,Strong Progress,110,66,86
Indonesia,95.2,76.6,58.0,7.5,100.0,93.6,80.1,19.2,41.1,10.6,6.0,0.5,69.1,25.0,86.5,47.8,94.0,66.5,59.3,14.6,49.3,10.1,64.1,44.8,1975.0,0.7,0.4,18.5,2010–2020,13.4,Secondary Building,Large Gain,111,34,106
South Africa,92.6,86.5,54.5,4.5,100.0,98.2,71.5,11.0,45.4,30.1,15.6,2.0,57.2,38.1,78.1,64.5,90.7,82.6,59.5,23.3,48.9,18.1,59.7,36.3,1980.0,1.7,2.8,6.1,1980–1990,11.0,Secondary Building,Strong Progress,112,71,115
Micronesia,91.4,81.8,56.9,5.6,95.9,88.3,70.2,16.6,41.8,23.0,9.1,1.9,73.7,54.7,84.4,65.5,89.1,77.1,58.9,19.0,48.8,14.2,58.6,40.0,1970.0,2.3,3.5,9.5,1960–1970,16.4,Secondary Building,Strong Progress,113,52,97
Brazil,93.5,79.0,55.2,6.8,100.0,94.7,72.6,16.4,41.0,19.7,9.8,1.5,60.9,38.1,75.3,52.2,88.1,69.8,58.6,18.0,48.5,13.4,61.2,40.6,1975.0,1.2,4.4,14.5,2010–2020,12.9,Secondary Building,Large Gain,114,48,106
Kiribati,88.3,82.5,61.7,1.1,93.5,90.5,72.8,1.3,34.2,17.3,6.8,0.3,57.0,31.2,75.5,46.3,84.5,70.1,58.4,14.6,48.3,10.6,54.0,43.8,1980.0,3.3,4.5,5.9,2000–2010,12.0,Secondary Building,Large Gain,115,38,115
Curaçao,98.5,89.5,43.5,5.7,98.0,89.4,50.9,7.5,83.2,56.1,13.5,1.8,94.0,80.3,97.5,87.3,98.9,89.6,59.3,38.7,47.7,28.4,50.4,20.6,1960.0,0.3,0.5,9.0,1960–1970,7.7,Secondary Building,Moderate Progress,116,145,40
Viet Nam,94.1,80.8,44.2,11.0,100.0,100.0,73.4,29.3,45.4,20.0,6.1,2.0,73.8,46.0,81.8,51.0,86.5,58.3,57.5,18.4,47.3,13.3,67.1,39.1,1970.0,-0.3,1.5,13.3,2010–2020,20.7,Secondary Building,Strong Progress,117,56,97
Kuwait,97.4,87.7,41.5,7.7,96.1,87.3,48.6,9.4,33.8,25.4,13.7,2.6,69.2,59.5,64.2,57.7,82.2,75.4,58.6,18.9,47.3,15.1,49.7,39.7,1975.0,0.0,2.3,9.7,2010–2020,16.6,Secondary Building,Strong Progress,118,53,106
Aruba,98.0,80.4,45.7,8.3,97.7,84.1,56.5,10.6,60.9,32.1,11.0,2.5,81.1,56.4,90.2,70.3,95.8,76.5,58.1,26.6,47.2,19.6,51.9,31.5,1960.0,0.7,3.6,17.5,1960–1970,9.5,Secondary Building,Strong Progress,119,90,40
Paraguay,85.9,64.1,49.8,17.9,89.3,73.3,59.9,21.4,34.8,14.1,9.3,3.2,53.5,23.6,70.6,36.7,81.6,53.1,54.4,15.3,46.6,11.8,53.2,39.1,1985.0,0.9,1.8,21.8,1990–2000,9.2,Secondary Transition,Strong Progress,120,57,125
Suriname,97.3,82.2,41.7,8.8,99.3,87.9,51.9,10.8,72.2,29.3,10.8,5.2,87.7,50.4,93.3,68.0,95.5,74.6,57.5,29.4,46.6,21.5,51.7,28.1,1960.0,-0.2,1.5,15.1,1970–1980,7.2,Secondary Building,Strong Progress,121,112,40
India,80.1,67.1,51.6,16.8,89.7,81.5,67.3,22.2,26.1,15.3,10.5,3.0,39.9,26.6,50.9,36.7,68.3,53.8,53.9,13.7,46.6,11.1,57.4,40.2,2000.0,-3.0,-3.3,13.0,2010–2020,12.1,Secondary Transition,Large Gain,122,50,148
Timor-Leste,74.5,68.8,56.5,13.9,83.3,79.8,69.5,17.3,2.6,2.2,1.1,0.2,10.9,7.9,38.5,32.8,61.1,54.0,53.4,1.5,46.5,1.2,55.0,51.9,2005.0,-0.8,-0.8,5.7,1980–1990,14.6,Primary Building,Large Gain,123,17,153
Zimbabwe,85.4,71.2,60.3,4.9,85.5,74.1,65.5,5.4,31.5,21.8,12.3,1.5,50.9,33.5,82.5,68.8,87.6,72.0,55.4,16.8,46.4,13.2,48.7,38.6,1985.0,1.4,0.6,14.2,1980–1990,22.7,Secondary Building,Strong Progress,124,58,125
Maldives,97.3,87.2,32.6,11.8,100.0,100.0,60.4,31.9,2.6,0.7,0.1,0.0,20.4,5.7,62.3,16.0,95.0,68.3,57.2,0.9,46.1,0.6,64.4,56.4,1990.0,0.4,4.5,10.2,1990–2000,17.4,Secondary Building,Large Gain,125,8,135
Belize,82.6,59.9,47.6,17.7,100.0,94.6,81.9,44.5,55.6,17.2,14.4,4.6,67.2,26.0,72.6,37.7,79.2,51.0,52.0,22.9,44.6,17.4,73.8,29.0,1965.0,1.8,3.4,22.7,2010–2020,26.1,Secondary Transition,Strong Progress,126,105,86
French Guiana,87.3,64.9,44.1,8.1,89.9,72.5,52.3,9.8,65.4,40.3,23.4,3.6,75.6,53.0,80.4,59.8,83.3,59.2,51.1,33.2,41.9,25.9,46.8,17.9,1960.0,-3.8,-4.6,22.4,1960–1970,6.3,Secondary Transition,Moderate Progress,127,157,40
Uruguay,98.0,72.5,38.2,2.5,100.0,81.6,49.7,6.2,64.8,28.9,12.4,0.9,85.8,50.6,94.7,60.1,97.2,67.3,52.8,26.7,41.3,19.3,48.2,26.1,1960.0,0.6,4.9,25.5,1960–1970,9.1,Secondary Building,Strong Progress,128,120,40
Nepal,78.5,65.0,52.9,2.3,87.8,79.9,68.8,3.0,8.9,4.9,3.2,0.2,20.2,12.8,37.8,27.2,63.3,48.3,49.7,4.3,41.1,3.3,50.4,45.4,2005.0,-3.4,-3.7,13.4,2000–2010,12.7,Primary Building,Large Gain,129,31,153
El Salvador,79.8,65.2,37.9,11.0,85.8,73.7,46.7,13.4,21.9,11.0,5.9,2.1,40.3,23.7,57.1,41.6,71.3,56.0,48.5,10.2,40.1,7.9,46.2,38.2,1995.0,0.8,0.2,14.6,1970–1980,8.3,Primary Building,Strong Progress,130,62,143
Nigeria,71.3,59.9,45.4,7.3,74.0,66.4,51.7,8.4,17.6,7.7,5.2,1.3,32.2,15.1,55.9,36.0,66.5,50.4,46.0,8.0,38.6,6.1,42.6,38.0,1995.0,-6.9,-8.6,11.4,2000–2010,9.9,Primary Building,Strong Progress,131,63,143
Qatar,73.9,53.8,37.9,10.9,81.7,67.9,52.3,17.0,29.5,23.0,15.9,6.2,59.4,43.6,72.8,53.3,75.1,55.7,44.1,18.7,36.8,15.9,47.3,25.5,1980.0,14.8,28.1,20.1,1960–1970,12.7,Primary Building,Strong Progress,132,121,115
Bhutan,68.3,66.0,29.0,12.5,82.7,80.5,40.2,17.3,2.0,1.8,0.9,0.4,8.5,8.2,19.3,18.7,41.1,39.1,43.9,1.3,36.6,1.1,46.8,42.7,2015.0,-1.4,-0.9,2.3,2000–2010,17.2,Primary Building,Large Gain,133,43,163
Namibia,83.9,59.4,34.5,4.2,83.6,63.5,42.9,5.2,20.1,10.7,6.9,0.5,40.4,21.6,66.6,46.9,79.7,56.5,45.5,9.6,36.1,7.3,39.7,35.9,1990.0,5.0,5.8,24.5,1980–1990,12.1,Secondary Transition,Strong Progress,134,75,135
Morocco,71.8,51.9,32.1,13.7,85.1,73.2,53.5,22.8,7.9,4.1,2.1,0.7,29.4,14.4,43.1,26.4,57.4,38.0,42.4,3.7,35.4,2.9,51.2,38.6,2015.0,-4.4,-2.7,19.9,2010–2020,19.5,Primary Building,Strong Progress,135,59,163
Nicaragua,71.3,49.3,36.5,11.5,78.8,60.0,45.9,14.4,20.7,8.0,5.5,2.0,38.4,20.7,54.5,31.9,63.9,38.9,42.2,9.0,35.3,6.9,42.4,33.1,2000.0,3.8,5.8,22.0,1970–1980,9.0,Primary Building,Strong Progress,136,85,148
Kenya,74.5,62.4,30.6,5.1,82.8,73.4,44.5,12.7,17.5,11.9,3.6,0.8,45.5,26.3,70.3,50.9,77.5,63.7,43.1,8.5,34.6,6.4,44.8,34.7,1985.0,1.5,0.4,12.1,1980–1990,10.3,Primary Building,Strong Progress,137,80,125
Cameroon,77.7,52.9,34.5,4.3,82.3,65.3,46.2,5.7,27.0,5.8,1.9,0.2,52.3,15.6,64.0,28.7,70.4,38.3,42.4,8.7,33.8,5.7,41.0,33.6,1980.0,-3.7,-3.8,24.8,2010–2020,7.9,Primary Building,Strong Progress,138,84,115
Cape Verde,84.1,64.9,22.7,3.7,92.1,75.7,29.1,4.8,13.0,3.7,1.3,0.3,24.9,12.7,35.6,16.2,69.1,46.9,43.8,4.6,33.7,3.1,39.4,39.3,2005.0,1.4,1.9,19.2,2000–2010,16.4,Secondary Transition,Strong Progress,139,55,153
Pakistan,59.1,47.9,36.6,12.3,67.7,59.3,47.1,12.1,17.3,11.4,7.4,2.0,28.1,19.9,38.1,27.9,51.8,40.0,39.0,9.5,33.6,7.8,40.1,29.5,2020.0,-7.6,-6.7,11.2,2010–2020,7.6,Primary Building,Strong Progress,140,103,174
Ghana,72.9,60.9,27.3,3.1,81.3,70.8,36.7,4.2,29.9,25.0,6.0,1.4,56.0,48.8,56.9,48.5,68.0,58.6,41.0,15.6,32.4,11.9,38.8,25.4,2000.0,-0.3,-1.0,12.0,1960–1970,8.7,Primary Building,Strong Progress,141,122,148
Democratic Republic of the Congo,74.7,59.6,25.7,3.4,73.9,63.6,31.0,4.2,23.8,14.8,3.3,0.5,43.8,30.5,60.7,46.7,69.0,52.6,40.9,10.6,32.0,7.7,34.5,30.3,1990.0,-8.4,-10.8,15.1,1970–1980,8.3,Primary Building,Strong Progress,142,98,135
Myanmar,77.8,43.5,26.2,10.4,83.0,55.0,35.5,14.0,35.2,9.9,4.8,1.1,51.1,17.8,61.6,22.4,69.0,31.4,39.5,12.8,31.6,8.9,38.8,26.7,1990.0,-0.8,-0.3,34.3,2000–2010,9.6,Primary Building,Strong Progress,143,116,135
Bangladesh,75.8,52.6,29.1,3.2,86.8,70.0,44.0,4.9,22.6,11.4,6.1,0.6,29.8,16.3,39.4,23.1,61.0,38.9,40.2,10.2,31.6,7.6,41.7,30.0,2005.0,2.8,1.9,23.1,2010–2020,11.2,Primary Building,Strong Progress,144,99,153
Guatemala,74.2,49.5,27.5,6.7,79.7,56.1,28.6,3.2,18.1,8.5,4.0,0.5,29.2,15.2,43.6,24.2,57.4,36.1,39.5,7.8,31.5,5.7,32.7,31.7,2010.0,-3.5,-3.1,24.6,2000–2010,8.1,Primary Building,Strong Progress,145,89,158
Comoros,74.0,51.1,25.8,6.5,84.3,63.4,34.6,8.6,5.0,3.1,1.3,0.3,14.4,9.8,40.0,25.6,60.9,38.6,39.4,2.4,31.2,1.9,38.6,36.9,2005.0,-0.7,1.4,22.9,2000–2010,12.0,Primary Building,Strong Progress,146,67,153
Lao People's Democratic Republic,80.9,41.7,26.2,7.8,85.0,56.4,40.8,12.3,24.2,4.2,2.7,0.8,42.9,10.8,63.1,22.0,72.7,30.0,39.2,8.0,30.8,5.4,40.3,31.2,1990.0,-3.6,-5.1,39.2,2000–2010,8.4,Secondary Transition,Strong Progress,147,93,135
Yemen,49.4,49.1,46.0,0.0,76.9,74.0,68.1,0.0,0.2,0.0,0.0,0.0,1.1,0.4,8.7,7.7,27.6,27.3,36.1,0.0,30.7,0.0,46.3,36.1,2020.0,-21.5,-21.5,0.2,2010–2020,27.4,Primary Building,Strong Progress,148,73,174
Solomon Islands,67.1,49.7,29.7,5.5,70.1,61.7,41.0,7.6,22.3,4.0,2.4,1.1,44.6,12.9,64.2,28.5,72.5,44.7,38.0,7.5,30.7,5.1,37.7,30.5,1990.0,2.6,0.2,17.4,1980–1990,7.3,Primary Building,Strong Progress,149,97,135
Syrian Arab Republic,65.9,46.6,30.3,7.4,81.6,66.0,49.1,19.3,17.4,9.8,5.7,1.2,33.7,22.9,49.3,33.1,59.7,37.0,37.5,8.5,30.7,6.6,46.7,29.0,2010.0,-1.1,0.0,19.3,2010–2020,15.4,Primary Building,Strong Progress,150,106,158
Iraq,65.2,43.5,28.4,9.1,71.9,58.3,40.7,13.0,19.7,10.1,5.9,1.9,44.8,25.2,67.8,38.1,67.4,38.6,36.6,9.4,30.0,7.4,39.0,27.2,1985.0,-4.4,-1.4,21.7,1960–1970,10.0,Primary Building,Strong Progress,151,115,125
Swaziland,71.9,46.0,26.7,4.2,75.3,52.7,32.8,5.1,16.9,6.0,2.4,0.7,43.4,23.9,66.7,44.3,75.6,43.2,37.2,6.5,29.2,4.6,33.2,30.7,1990.0,-1.1,-2.0,26.0,1970–1980,10.4,Primary Building,Strong Progress,152,94,135
Sierra Leone,64.8,48.3,25.3,6.0,84.0,65.9,25.6,2.8,5.1,3.2,1.1,0.2,16.0,11.4,26.3,17.1,33.8,23.2,36.1,2.4,29.0,1.8,34.4,33.7,2015.0,-8.9,-12.0,16.5,2010–2020,12.9,Primary Building,Strong Progress,153,83,163
Honduras,73.9,43.6,25.7,4.2,77.2,54.6,34.2,5.6,16.5,6.8,4.3,0.7,33.7,14.3,51.8,23.4,65.6,32.2,36.8,7.1,28.7,5.3,34.5,29.8,2000.0,2.6,4.2,30.3,2000–2010,9.0,Primary Building,Strong Progress,154,102,148
Gambia,62.9,50.5,26.1,4.0,70.6,60.3,33.6,5.3,1.7,1.3,0.5,0.1,13.1,10.7,28.1,21.5,48.9,38.0,35.9,0.9,28.7,0.7,34.5,34.9,2015.0,-2.8,-2.4,12.4,2000–2010,12.5,Primary Building,Strong Progress,155,77,163
Lesotho,74.0,42.8,24.3,5.5,78.8,55.5,33.9,7.5,15.6,6.6,3.8,1.2,29.0,13.2,57.5,23.8,69.0,35.4,36.6,6.8,28.6,5.1,35.5,29.9,1995.0,11.4,8.6,31.2,2000–2010,9.7,Primary Building,Strong Progress,156,101,143
Vanuatu,68.3,48.1,26.1,2.9,73.0,62.1,39.1,4.3,20.7,8.6,3.9,1.0,46.2,20.5,63.0,28.6,69.6,39.7,36.4,8.5,28.6,6.3,36.4,27.8,1990.0,1.9,1.7,20.2,1960–1970,7.2,Primary Building,Strong Progress,157,113,135
Malawi,69.8,54.3,20.4,1.4,79.0,66.6,29.3,2.0,18.6,11.1,1.7,0.2,32.4,21.4,42.8,29.0,59.4,42.5,36.5,7.9,28.0,5.6,34.7,28.6,2010.0,-7.1,-9.9,15.5,2010–2020,9.9,Primary Building,Strong Progress,158,109,158
Zambia,64.2,45.8,23.4,5.2,69.8,54.1,30.3,6.6,40.0,26.6,13.9,4.9,50.0,31.4,60.4,37.2,64.1,43.1,34.7,21.4,27.5,17.1,32.6,13.3,1990.0,0.0,-1.3,18.4,2000–2010,3.7,Primary Building,Moderate Progress,159,173,135
Congo,81.3,42.1,17.2,4.8,83.9,51.1,24.3,6.6,21.1,6.0,2.2,0.9,52.1,28.6,81.6,38.3,81.0,40.1,36.3,7.6,27.3,5.3,32.2,28.8,1980.0,-1.0,-5.2,39.1,1970–1980,12.8,Secondary Transition,Strong Progress,160,108,115
Gabon,85.0,47.1,13.7,2.8,84.3,52.4,18.4,3.8,15.0,4.1,1.6,0.4,52.2,24.3,75.6,37.6,82.4,45.8,37.2,5.3,27.2,3.6,29.9,31.9,1980.0,1.8,-1.1,37.8,1970–1980,12.9,Secondary Transition,Strong Progress,161,87,115
Togo,68.2,35.5,22.3,4.6,77.5,47.6,31.7,6.7,12.4,4.8,2.4,0.8,27.1,12.2,40.7,15.5,53.1,24.2,32.6,5.1,25.4,3.8,32.7,27.5,2010.0,-6.6,-8.2,32.7,2000–2010,10.3,Primary Building,Strong Progress,162,114,158
Sudan,39.8,38.6,30.3,7.4,46.1,45.1,38.3,9.3,5.8,5.3,3.1,0.9,14.9,13.5,32.0,27.2,39.7,37.0,29.0,3.8,25.2,3.2,30.5,25.2,,-1.2,-1.3,1.2,1970–1980,6.7,Low Access,Strong Progress,163,125,193
Cambodia,64.5,38.6,19.9,4.1,70.8,49.5,30.1,6.0,20.4,5.4,1.6,0.3,33.9,10.1,51.4,24.2,58.4,30.6,31.8,6.9,24.6,4.6,31.4,24.9,1995.0,-1.0,-4.0,25.9,1980–1990,10.2,Primary Building,Strong Progress,164,128,143
Haiti,57.4,45.5,20.5,0.3,67.7,58.7,29.3,0.4,12.2,7.3,2.9,0.1,19.8,12.2,40.0,27.6,60.1,42.0,30.9,5.6,23.9,4.2,30.8,25.3,2005.0,1.7,-0.3,11.8,1990–2000,10.8,Primary Building,Strong Progress,165,124,153
Uganda,59.4,32.6,18.3,6.7,71.6,48.8,32.2,17.4,14.7,3.9,2.3,1.1,26.9,9.1,35.8,14.5,49.4,23.8,29.2,5.5,23.1,4.0,36.1,23.8,2020.0,-1.8,-3.2,26.8,2000–2010,10.7,Primary Building,Strong Progress,166,131,174
Sao Tome and Principe,67.8,39.1,17.2,0.3,78.0,56.9,27.4,0.6,4.7,2.1,0.3,0.0,21.3,9.8,42.6,16.6,51.6,19.3,31.1,1.8,23.1,1.2,31.4,29.3,2015.0,5.3,0.9,28.7,2010–2020,11.3,Primary Building,Strong Progress,167,104,163
Equatorial Guinea,79.0,36.5,9.0,2.0,82.7,45.7,14.1,3.2,33.9,8.1,0.9,0.1,58.2,20.9,67.8,27.4,63.8,25.1,31.6,10.7,22.4,6.9,26.8,20.9,1980.0,-0.3,-9.5,42.5,1960–1970,7.2,Primary Complete,Moderate Progress,168,142,115
Benin,57.0,37.3,16.3,3.0,72.4,52.3,24.3,4.3,8.1,2.9,1.0,0.4,16.5,8.2,27.1,12.1,35.5,19.1,28.4,3.1,21.8,2.2,30.0,25.3,2020.0,-7.5,-8.6,19.8,2010–2020,11.4,Primary Building,Strong Progress,169,123,174
United Republic of Tanzania,76.7,29.6,9.5,4.0,80.5,43.1,15.5,6.4,12.4,2.1,0.4,0.2,35.0,7.8,66.5,9.7,74.8,17.0,30.0,3.8,21.5,2.4,27.4,26.2,1990.0,0.2,-3.1,47.0,1970–1980,6.7,Primary Complete,Strong Progress,170,119,135
Afghanistan,43.7,22.4,21.4,3.8,63.7,36.9,35.0,6.3,5.9,1.6,1.5,0.2,12.8,6.3,18.3,9.2,27.8,12.8,22.8,2.3,18.5,1.7,29.3,20.5,2025.0,-16.0,-9.3,21.3,2010–2020,12.8,Low Access,Moderate Progress,171,146,182
Angola,66.2,33.8,5.9,0.0,80.6,49.9,9.4,0.1,9.9,2.2,0.3,0.0,20.6,6.3,37.1,12.4,47.0,20.5,26.5,3.1,18.4,2.0,24.9,23.4,2015.0,-10.4,-7.7,32.3,2010–2020,11.1,Primary Building,Strong Progress,172,132,163
Cote d'Ivoire,46.2,31.6,14.6,2.0,57.8,45.3,22.5,3.1,6.5,3.1,0.8,0.0,21.4,9.5,35.1,15.2,38.8,22.4,23.6,2.6,18.3,1.8,25.5,21.0,,-8.6,-8.2,14.6,2010–2020,7.1,Primary Building,Moderate Progress,173,140,193
Guinea,42.7,29.6,14.3,4.9,50.6,37.6,19.1,6.5,3.4,1.8,0.8,0.4,14.0,9.4,16.5,9.1,26.6,17.4,22.9,1.6,18.3,1.2,23.1,21.3,,-11.4,-9.7,13.1,2000–2010,10.9,Low Access,Moderate Progress,174,139,193
Guinea-Bissau,51.1,28.0,12.6,0.3,48.8,29.8,14.2,0.4,2.3,1.7,0.8,0.1,9.7,7.0,23.8,15.3,41.6,25.4,23.0,1.2,17.0,1.0,17.6,21.8,,-9.9,-6.8,23.1,2000–2010,7.1,Primary Building,Moderate Progress,175,138,193
Liberia,50.0,30.3,10.3,0.2,59.2,39.6,14.9,0.4,14.2,9.7,3.9,0.2,29.8,24.2,41.0,31.1,47.3,31.1,22.7,7.0,16.6,5.3,21.4,15.7,,0.9,-0.7,19.7,1970–1980,6.2,Primary Building,Moderate Progress,176,167,193
South Sudan,40.6,21.2,19.6,1.7,50.8,30.2,27.9,2.4,9.2,3.1,2.9,0.2,12.8,5.8,20.3,12.0,30.6,16.8,20.8,3.9,16.5,2.9,22.6,16.9,,-6.4,-4.5,19.4,2010–2020,6.3,Low Access,Moderate Progress,177,160,193
Mozambique,44.2,26.0,13.6,1.9,44.2,27.6,14.6,2.6,5.7,2.2,0.7,0.1,10.6,4.9,19.9,10.0,31.7,18.8,21.4,2.2,16.5,1.5,17.3,19.3,,-7.3,-4.9,18.2,2000–2010,6.0,Low Access,Moderate Progress,178,154,193
Senegal,42.3,27.1,10.0,2.7,54.3,39.6,15.8,4.3,8.1,3.9,1.2,0.3,20.5,11.6,26.8,13.8,33.6,17.4,20.5,3.4,15.7,2.5,22.3,17.1,,-1.7,-2.5,15.2,2000–2010,6.3,Low Access,Moderate Progress,179,159,193
Rwanda,44.0,22.5,11.3,3.0,56.2,33.5,17.6,4.5,2.5,1.1,0.3,0.2,4.8,2.4,15.0,5.9,31.2,13.3,20.2,1.1,15.4,0.8,21.8,19.1,,-8.7,-1.0,21.5,2010–2020,6.8,Low Access,Moderate Progress,180,155,193
Madagascar,47.6,23.1,9.7,2.0,56.7,34.3,15.8,3.2,15.3,6.7,2.1,0.8,28.4,12.8,43.8,18.1,33.9,12.9,20.6,6.2,15.2,4.5,21.1,14.4,,0.9,0.1,24.5,2010–2020,7.5,Primary Building,Moderate Progress,181,170,193
Mali,32.7,24.0,12.2,3.9,47.2,37.5,20.1,6.4,3.4,1.6,0.7,0.3,9.8,6.0,12.8,6.7,19.0,12.9,18.2,1.5,14.7,1.1,22.8,16.7,,-6.3,-5.7,8.7,2010–2020,8.3,Low Access,Moderate Progress,182,162,193
Chad,40.5,21.4,8.1,1.1,45.3,27.6,11.5,1.6,6.2,1.4,0.3,0.1,9.7,3.8,14.6,7.2,28.2,14.9,17.8,2.0,13.1,1.3,16.2,15.8,,-11.5,-8.5,19.1,2000–2010,6.4,Low Access,Moderate Progress,183,166,193
Somalia,25.8,20.0,9.5,1.8,37.4,30.5,15.9,2.9,4.7,4.2,2.2,0.4,10.9,9.6,22.1,18.5,18.8,14.1,14.3,2.9,11.3,2.4,17.4,11.4,,-5.9,-5.7,5.8,2010–2020,6.2,Low Access,Moderate Progress,184,178,193
Central African Republic,38.0,15.5,6.2,2.1,38.2,19.2,6.2,1.4,13.5,6.1,1.7,0.5,20.7,8.6,27.5,10.3,32.0,13.4,15.4,5.5,11.3,3.9,11.8,10.0,,-8.7,-3.7,22.5,2010–2020,3.5,Low Access,Minimal Progress,185,180,193
Ethiopia,31.1,15.2,7.8,1.4,43.6,25.2,13.5,2.5,2.8,0.9,0.5,0.2,6.2,2.7,13.2,6.0,26.0,11.7,13.9,1.1,10.4,0.8,16.4,12.8,,-3.2,-0.6,15.9,2010–2020,4.9,Low Access,Moderate Progress,186,176,193
Burundi,37.8,14.2,4.0,0.6,46.3,22.2,6.6,1.0,7.2,0.7,0.1,0.0,12.4,2.2,18.7,5.0,38.3,10.9,14.1,2.0,9.8,1.2,13.6,12.1,,-2.2,-1.2,23.6,1990–2000,6.0,Low Access,Moderate Progress,187,177,193
Niger,24.8,8.9,2.4,0.7,40.8,17.1,5.0,1.5,0.4,0.2,0.1,0.0,3.5,1.7,8.9,4.2,15.3,6.1,9.2,0.2,6.4,0.1,11.4,9.0,,-8.3,-2.8,15.9,2010–2020,6.1,Low Access,Minimal Progress,188,184,193
Burkina Faso,17.6,10.3,2.0,0.2,27.4,17.8,3.9,0.4,1.9,1.1,0.2,0.0,6.3,3.7,12.0,8.3,15.7,8.9,7.5,0.8,5.4,0.6,9.0,6.7,,-1.9,-1.3,7.2,2010–2020,4.4,Low Access,Minimal Progress,189,189,193
Antigua and Barbuda,,,,,96.1,84.3,74.0,22.2,,,,,,,,,,,,,,,60.9,,2020.0,,,,n/a,,No Data,Insufficient Data,197,197,174
Brunei Darussalam,,,,,95.3,82.7,69.1,9.7,,,,,,,,,,,,,,,54.5,,2020.0,,,,n/a,,No Data,Insufficient Data,197,197,174
Eritrea,,,,,42.4,33.6,22.6,4.8,,,,,,,,,,,,,,,21.4,,,,,,n/a,,No Data,Insufficient Data,197,197,193
Mayotte,,,,,98.1,91.8,72.8,14.5,,,,,,,,,,,,,,,59.7,,2020.0,,,,n/a,,No Data,Insufficient Data,197,197,174
Mauritania,,,,,54.3,39.5,15.8,4.3,,,,,,,,,,,,,,,22.3,,,,,,n/a,,No Data,Insufficient Data,197,197,193
Libyan Arab Jamahiriya,,,,,90.9,85.5,65.7,23.3,,,,,,,,,,,,,,,58.4,,2020.0,,,,n/a,,No Data,Insufficient Data,197,197,174
Grenada,,,,,96.5,84.5,74.4,22.1,,,,,,,,,,,,,,,61.0,,2020.0,,,,n/a,,No Data,Insufficient Data,197,197,174
Guam,,,,,98.2,89.5,75.3,33.0,,,,,,,,,,,,,,,66.5,,2020.0,,,,n/a,,No Data,Insufficient Data,197,197,174
Barbados,,,,,96.7,84.6,74.6,22.5,,,,,,,,,,,,,,,61.3,,2020.0,,,,n/a,,No Data,Insufficient Data,197,197,174
Djibouti,,,,,42.5,33.6,22.6,4.9,,,,,,,,,,,,,,,21.5,,,,,,n/a,,No Data,Insufficient Data,197,197,193
Papua New Guinea,,,,,70.1,61.6,41.1,7.7,,,,,,,,,,,,,,,37.7,,2020.0,,,,n/a,,No Data,Insufficient Data,197,197,174
Seychelles,,,,,98.7,92.2,73.1,14.3,,,,,,,,,,,,,,,59.9,,2020.0,,,,n/a,,No Data,Insufficient Data,197,197,174
United States Virgin Islands,,,,,96.0,83.9,73.6,21.7,,,,,,,,,,,,,,,60.5,,2020.0,,,,n/a,,No Data,Insufficient Data,197,197,174
Uzbekistan,,,,,99.6,99.0,92.0,19.7,,,,,,,,,,,,,,,68.7,,2020.0,,,,n/a,,No Data,Insufficient Data,197,197,174
Western Sahara,,,,,55.6,41.3,18.2,5.0,,,,,,,,,,,,,,,23.8,,,,,,n/a,,No Data,Insufficient Data,197,197,193
